HiringID,EmployeeID,HiringDate,HiringSource
1,1,2020-11-24,Agency
2,2,2022-08-05,LinkedIn
3,3,2022-05-13,Walk-in
4,4,2020-02-07,Walk-in
5,5,2019-12-21,Agency
6,6,2021-06-30,LinkedIn
7,7,2016-05-03,Referral
8,8,2016-03-08,LinkedIn
9,9,2021-01-17,LinkedIn
10,10,2018-04-10,Website
11,11,2017-11-25,Agency
12,12,2015-07-11,Walk-in
13,13,2015-08-26,Agency
14,14,2017-12-31,Agency
15,15,2022-10-14,Referral
16,16,2020-07-05,Walk-in
17,17,2016-08-01,Referral
18,18,2019-07-23,Walk-in
19,19,2019-05-24,LinkedIn
20,20,2022-09-08,Website
21,21,2017-07-15,LinkedIn
22,22,2019-10-01,Agency
23,23,2020-04-10,Referral
24,24,2021-07-05,Walk-in
25,25,2018-06-22,Walk-in
26,26,2018-08-23,LinkedIn
27,27,2024-02-18,Walk-in
28,28,2021-11-17,LinkedIn
29,29,2022-04-01,LinkedIn
30,30,2021-01-04,LinkedIn
31,31,2021-08-11,Website
32,32,2015-12-11,Website
33,33,2021-06-01,LinkedIn
34,34,2022-03-11,Referral
35,35,2019-01-15,Referral
36,36,2015-10-13,Referral
37,37,2020-07-31,Agency
38,38,2021-10-05,Referral
39,39,2019-11-11,Website
40,40,2016-04-19,Referral
41,41,2017-05-17,Agency
42,42,2020-06-29,Walk-in
43,43,2022-06-24,Website
44,44,2022-07-22,Walk-in
45,45,2017-05-19,Walk-in
46,46,2018-01-26,Referral
47,47,2019-10-17,Referral
48,48,2015-10-15,Referral
49,49,2019-11-01,Walk-in
50,50,2020-10-09,Website
51,51,2015-07-01,Walk-in
52,52,2022-01-25,Walk-in
53,53,2020-04-24,Walk-in
54,54,2016-11-29,Walk-in
55,55,2015-10-16,Website
56,56,2016-09-15,Walk-in
57,57,2018-07-21,Walk-in
58,58,2022-09-30,Walk-in
59,59,2016-08-05,Walk-in
60,60,2022-05-01,Website
61,61,2020-03-10,Agency
62,62,2021-04-20,Walk-in
63,63,2021-08-26,Website
64,64,2020-05-24,LinkedIn
65,65,2015-06-26,Website
66,66,2016-10-06,LinkedIn
67,67,2023-09-16,Walk-in
68,68,2018-12-23,Agency
69,69,2023-02-13,Referral
70,70,2018-02-27,LinkedIn
71,71,2020-03-29,Website
72,72,2021-02-19,Agency
73,73,2023-01-01,Website
74,74,2023-10-18,LinkedIn
75,75,2018-05-10,Agency
76,76,2023-02-20,Walk-in
77,77,2018-11-26,Website
78,78,2023-06-08,Agency
79,79,2015-05-29,Agency
80,80,2019-09-19,Referral
81,81,2018-10-25,Website
82,82,2020-10-19,Walk-in
83,83,2018-06-22,Referral
84,84,2019-12-30,Agency
85,85,2016-04-03,Agency
86,86,2020-05-04,LinkedIn
87,87,2022-11-28,Walk-in
88,88,2018-05-30,Website
89,89,2016-03-20,Walk-in
90,90,2016-07-30,LinkedIn
91,91,2016-07-07,Referral
92,92,2022-02-15,Website
93,93,2021-11-23,Website
94,94,2020-11-11,Walk-in
95,95,2018-11-03,Walk-in
96,96,2019-01-21,LinkedIn
97,97,2016-01-03,Agency
98,98,2020-08-21,Referral
99,99,2019-04-06,LinkedIn
100,100,2021-09-07,Website
101,101,2022-07-17,Agency
102,102,2016-08-23,Walk-in
103,103,2021-10-03,Agency
104,104,2017-04-11,Referral
105,105,2016-12-26,LinkedIn
106,106,2018-06-27,Agency
107,107,2015-11-29,Walk-in
108,108,2017-09-05,LinkedIn
109,109,2022-12-08,Walk-in
110,110,2022-04-04,Agency
111,111,2016-09-18,Walk-in
112,112,2017-06-03,LinkedIn
113,113,2023-04-14,Walk-in
114,114,2016-04-13,Referral
115,115,2015-12-31,Website
116,116,2017-03-07,Agency
117,117,2016-06-30,LinkedIn
118,118,2022-01-14,Referral
119,119,2019-12-13,Agency
120,120,2017-10-08,Referral
121,121,2022-04-23,LinkedIn
122,122,2021-06-02,Agency
123,123,2023-04-12,Referral
124,124,2016-07-18,Referral
125,125,2022-10-21,Referral
126,126,2024-01-27,Website
127,127,2022-05-22,LinkedIn
128,128,2019-02-06,Referral
129,129,2017-11-17,LinkedIn
130,130,2023-03-24,Agency
131,131,2015-05-17,Walk-in
132,132,2020-05-13,Referral
133,133,2021-12-15,Agency
134,134,2017-12-25,Agency
135,135,2019-04-02,Referral
136,136,2017-04-20,LinkedIn
137,137,2023-03-29,Website
138,138,2022-08-30,Website
139,139,2018-07-05,LinkedIn
140,140,2021-04-19,Referral
141,141,2016-01-31,Walk-in
142,142,2019-07-27,Walk-in
143,143,2017-03-14,Walk-in
144,144,2024-03-15,Website
145,145,2017-02-18,Website
146,146,2022-09-07,Walk-in
147,147,2017-03-27,Website
148,148,2020-10-16,Website
149,149,2023-01-04,LinkedIn
150,150,2022-07-30,Walk-in
151,151,2017-06-21,Walk-in
152,152,2021-09-26,Website
153,153,2020-08-12,Walk-in
154,154,2023-05-15,Agency
155,155,2023-04-03,LinkedIn
156,156,2018-04-30,Agency
157,157,2019-03-09,Walk-in
158,158,2016-02-09,Agency
159,159,2020-09-22,Referral
160,160,2016-10-07,Website
161,161,2021-01-21,Website
162,162,2016-11-21,Referral
163,163,2024-02-18,Website
164,164,2018-10-19,Website
165,165,2018-11-11,Referral
166,166,2017-09-18,Website
167,167,2018-03-06,LinkedIn
168,168,2016-08-04,LinkedIn
169,169,2023-02-19,LinkedIn
170,170,2019-10-16,Walk-in
171,171,2016-03-01,Website
172,172,2018-04-16,Referral
173,173,2023-02-20,LinkedIn
174,174,2017-10-30,Website
175,175,2024-01-08,LinkedIn
176,176,2024-01-23,Website
177,177,2018-12-19,Website
178,178,2015-12-20,Website
179,179,2015-11-29,LinkedIn
180,180,2024-04-27,Website
181,181,2017-03-04,Website
182,182,2022-09-30,Referral
183,183,2020-07-11,Agency
184,184,2017-01-26,Walk-in
185,185,2020-02-22,Walk-in
186,186,2016-05-09,Walk-in
187,187,2018-12-02,Website
188,188,2021-06-03,LinkedIn
189,189,2023-04-28,Walk-in
190,190,2016-06-22,LinkedIn
191,191,2020-05-19,Walk-in
192,192,2019-05-05,Walk-in
193,193,2022-09-26,Referral
194,194,2021-09-04,Website
195,195,2019-09-28,Agency
196,196,2018-08-06,Walk-in
197,197,2021-08-04,Website
198,198,2017-09-26,LinkedIn
199,199,2019-02-21,Referral
200,200,2022-12-04,LinkedIn
201,201,2018-04-19,Walk-in
202,202,2019-03-22,Agency
203,203,2019-02-17,Referral
204,204,2023-06-30,Website
205,205,2020-12-20,Agency
206,206,2017-07-29,LinkedIn
207,207,2023-06-13,Website
208,208,2016-03-14,Agency
209,209,2021-11-21,Website
210,210,2019-06-02,Referral
211,211,2024-05-02,Website
212,212,2022-12-01,LinkedIn
213,213,2016-07-13,Website
214,214,2019-12-07,Walk-in
215,215,2015-11-10,LinkedIn
216,216,2023-05-27,LinkedIn
217,217,2023-09-17,Agency
218,218,2021-07-20,Walk-in
219,219,2020-04-14,Website
220,220,2022-10-01,Referral
221,221,2022-05-13,Website
222,222,2016-01-29,Website
223,223,2019-03-26,LinkedIn
224,224,2016-11-18,LinkedIn
225,225,2016-04-30,Walk-in
226,226,2023-12-10,Agency
227,227,2017-01-17,LinkedIn
228,228,2019-01-17,Agency
229,229,2018-03-13,Referral
230,230,2016-03-21,Referral
231,231,2017-11-11,LinkedIn
232,232,2021-08-25,Agency
233,233,2018-07-21,Website
234,234,2016-12-13,Walk-in
235,235,2016-08-18,Referral
236,236,2022-01-12,Agency
237,237,2019-06-23,LinkedIn
238,238,2016-03-14,Referral
239,239,2015-08-22,Agency
240,240,2023-02-08,Walk-in
241,241,2016-12-18,Referral
242,242,2021-11-10,LinkedIn
243,243,2016-09-02,Website
244,244,2023-05-08,LinkedIn
245,245,2020-11-09,Agency
246,246,2019-02-08,Agency
247,247,2018-02-17,LinkedIn
248,248,2023-08-24,LinkedIn
249,249,2020-01-08,Agency
250,250,2021-04-24,Walk-in
251,251,2022-07-15,Website
252,252,2017-03-12,Referral
253,253,2020-06-04,Walk-in
254,254,2015-11-14,Website
255,255,2018-04-30,Website
256,256,2021-01-28,LinkedIn
257,257,2021-12-23,Agency
258,258,2017-01-31,Referral
259,259,2017-02-05,Referral
260,260,2017-07-02,Walk-in
261,261,2023-09-16,Website
262,262,2015-07-08,Walk-in
263,263,2019-01-22,LinkedIn
264,264,2024-04-30,Walk-in
265,265,2022-04-08,Referral
266,266,2016-11-26,Referral
267,267,2015-12-15,Walk-in
268,268,2017-08-15,LinkedIn
269,269,2017-11-28,Walk-in
270,270,2020-03-31,Walk-in
271,271,2017-04-03,Agency
272,272,2019-03-09,Referral
273,273,2017-08-30,Website
274,274,2022-06-21,Walk-in
275,275,2016-04-10,LinkedIn
276,276,2018-08-03,LinkedIn
277,277,2019-12-21,Agency
278,278,2019-12-10,Walk-in
279,279,2017-08-23,Website
280,280,2022-10-18,LinkedIn
281,281,2023-11-19,Agency
282,282,2018-05-08,LinkedIn
283,283,2018-06-12,Website
284,284,2017-01-16,LinkedIn
285,285,2023-06-24,Walk-in
286,286,2024-02-19,Website
287,287,2024-02-20,Website
288,288,2023-05-04,LinkedIn
289,289,2018-09-02,Agency
290,290,2017-05-26,LinkedIn
291,291,2021-09-29,Agency
292,292,2017-03-27,Referral
293,293,2020-05-13,LinkedIn
294,294,2017-11-16,Referral
295,295,2021-09-04,LinkedIn
296,296,2023-11-24,Walk-in
297,297,2017-02-28,Walk-in
298,298,2016-05-02,Website
299,299,2020-06-27,Referral
300,300,2020-06-12,Agency
301,301,2020-06-07,LinkedIn
302,302,2016-07-23,Agency
303,303,2020-10-07,LinkedIn
304,304,2016-04-05,Walk-in
305,305,2023-09-17,Walk-in
306,306,2021-05-14,Agency
307,307,2019-07-03,LinkedIn
308,308,2016-10-06,Agency
309,309,2017-10-01,LinkedIn
310,310,2019-05-03,Agency
311,311,2017-12-08,Referral
312,312,2021-12-27,Website
313,313,2019-12-11,Website
314,314,2017-02-03,LinkedIn
315,315,2021-04-15,LinkedIn
316,316,2020-12-12,LinkedIn
317,317,2020-07-23,Referral
318,318,2020-04-09,Walk-in
319,319,2023-08-08,Referral
320,320,2022-01-08,Agency
321,321,2022-12-08,Website
322,322,2024-03-12,Walk-in
323,323,2019-12-04,Agency
324,324,2018-09-17,Walk-in
325,325,2020-04-07,Agency
326,326,2021-10-24,Walk-in
327,327,2016-06-21,Referral
328,328,2016-08-05,Referral
329,329,2022-08-24,Website
330,330,2016-09-14,Walk-in
331,331,2019-02-16,Website
332,332,2021-01-20,Website
333,333,2019-11-24,LinkedIn
334,334,2021-12-29,Website
335,335,2020-05-08,Walk-in
336,336,2023-01-31,LinkedIn
337,337,2022-11-08,Website
338,338,2020-01-30,LinkedIn
339,339,2019-04-08,Website
340,340,2017-02-16,Referral
341,341,2015-11-10,Referral
342,342,2016-11-05,LinkedIn
343,343,2022-04-16,Walk-in
344,344,2018-02-24,Website
345,345,2016-07-16,Walk-in
346,346,2021-01-24,Agency
347,347,2022-06-02,Walk-in
348,348,2024-02-23,LinkedIn
349,349,2019-11-16,Agency
350,350,2024-04-08,Website
351,351,2022-06-02,Referral
352,352,2016-11-25,Website
353,353,2023-05-02,Walk-in
354,354,2017-08-10,Agency
355,355,2020-12-29,Agency
356,356,2020-05-14,Agency
357,357,2022-03-13,Walk-in
358,358,2022-04-23,Website
359,359,2016-01-29,Walk-in
360,360,2019-03-24,Website
361,361,2017-10-27,Walk-in
362,362,2019-06-06,LinkedIn
363,363,2019-01-07,Agency
364,364,2015-09-10,Referral
365,365,2023-06-15,Agency
366,366,2015-05-28,Referral
367,367,2024-05-09,Walk-in
368,368,2020-08-27,Walk-in
369,369,2021-08-06,LinkedIn
370,370,2019-09-25,Website
371,371,2016-06-25,Agency
372,372,2023-05-14,LinkedIn
373,373,2018-10-10,Website
374,374,2019-09-27,LinkedIn
375,375,2015-09-16,Walk-in
376,376,2017-03-12,Referral
377,377,2023-12-30,Walk-in
378,378,2022-01-31,Agency
379,379,2017-12-23,Walk-in
380,380,2019-01-28,Website
381,381,2020-11-24,Walk-in
382,382,2018-08-16,Referral
383,383,2019-07-08,LinkedIn
384,384,2023-01-25,Walk-in
385,385,2019-10-21,Referral
386,386,2016-08-15,Agency
387,387,2020-07-07,Walk-in
388,388,2022-10-21,Website
389,389,2021-10-04,Website
390,390,2018-01-15,Agency
391,391,2017-09-09,Referral
392,392,2016-04-22,Website
393,393,2022-08-13,Website
394,394,2015-09-30,Referral
395,395,2021-09-27,Website
396,396,2015-12-07,Agency
397,397,2018-06-07,Agency
398,398,2022-02-05,LinkedIn
399,399,2018-02-27,Agency
400,400,2020-10-10,Agency
401,401,2019-06-28,LinkedIn
402,402,2016-04-16,Walk-in
403,403,2021-03-14,Referral
404,404,2021-07-29,LinkedIn
405,405,2024-03-24,Walk-in
406,406,2020-09-03,Website
407,407,2018-10-06,Website
408,408,2017-06-16,Referral
409,409,2016-07-10,Website
410,410,2019-11-20,Website
411,411,2018-06-01,Website
412,412,2021-05-03,Website
413,413,2017-07-11,Agency
414,414,2018-11-11,Referral
415,415,2023-10-08,LinkedIn
416,416,2023-04-13,Walk-in
417,417,2022-09-04,Agency
418,418,2017-07-17,Agency
419,419,2020-04-27,Website
420,420,2021-07-07,LinkedIn
421,421,2017-01-02,Agency
422,422,2022-03-27,Website
423,423,2021-03-20,Referral
424,424,2021-02-25,Website
425,425,2020-12-06,Website
426,426,2016-04-02,Referral
427,427,2018-04-01,Walk-in
428,428,2019-06-13,Website
429,429,2022-05-09,Website
430,430,2018-01-03,Walk-in
431,431,2020-06-11,Referral
432,432,2018-11-20,Agency
433,433,2017-01-03,LinkedIn
434,434,2018-07-02,LinkedIn
435,435,2022-12-20,Referral
436,436,2017-02-27,LinkedIn
437,437,2018-03-19,Agency
438,438,2021-03-28,LinkedIn
439,439,2016-08-25,Website
440,440,2024-03-19,Walk-in
441,441,2024-03-22,Agency
442,442,2020-12-25,Agency
443,443,2022-07-03,LinkedIn
444,444,2020-03-15,Referral
445,445,2022-08-08,Website
446,446,2015-07-23,Agency
447,447,2022-07-16,Website
448,448,2020-05-20,Website
449,449,2016-08-28,Website
450,450,2018-12-28,Website
451,451,2023-02-06,Agency
452,452,2019-03-23,Referral
453,453,2016-06-30,Referral
454,454,2015-11-04,Agency
455,455,2021-10-04,Referral
456,456,2018-09-12,LinkedIn
457,457,2020-09-20,LinkedIn
458,458,2020-06-19,Referral
459,459,2018-11-17,LinkedIn
460,460,2023-02-25,Walk-in
461,461,2015-10-24,Website
462,462,2015-12-11,Website
463,463,2018-01-13,LinkedIn
464,464,2019-04-07,Agency
465,465,2020-12-20,Walk-in
466,466,2019-09-28,LinkedIn
467,467,2022-12-27,Walk-in
468,468,2022-03-23,Agency
469,469,2020-04-04,Referral
470,470,2015-11-10,Agency
471,471,2023-08-02,Agency
472,472,2019-02-11,LinkedIn
473,473,2020-10-26,Website
474,474,2017-09-18,Agency
475,475,2018-09-23,Referral
476,476,2021-05-22,Agency
477,477,2015-11-26,Walk-in
478,478,2022-01-30,Agency
479,479,2023-07-28,Walk-in
480,480,2020-10-23,Walk-in
481,481,2019-03-20,Website
482,482,2015-11-20,Referral
483,483,2020-02-20,Agency
484,484,2016-12-02,Agency
485,485,2020-11-27,LinkedIn
486,486,2015-08-16,Referral
487,487,2022-07-09,Walk-in
488,488,2019-01-07,Agency
489,489,2022-03-21,LinkedIn
490,490,2019-01-15,LinkedIn
491,491,2021-06-23,Referral
492,492,2016-01-30,Agency
493,493,2019-02-13,Walk-in
494,494,2022-05-25,Agency
495,495,2019-01-31,Website
496,496,2024-03-30,LinkedIn
497,497,2022-09-25,Agency
498,498,2018-06-02,LinkedIn
499,499,2021-02-15,Walk-in
500,500,2023-05-13,Referral
501,501,2016-10-20,Website
502,502,2019-10-18,Website
503,503,2021-09-01,Walk-in
504,504,2019-01-13,Agency
505,505,2023-07-11,Referral
506,506,2022-12-17,LinkedIn
507,507,2021-09-14,LinkedIn
508,508,2016-12-08,Agency
509,509,2023-03-12,LinkedIn
510,510,2016-08-21,Referral
511,511,2023-11-10,LinkedIn
512,512,2021-05-18,Walk-in
513,513,2020-01-31,LinkedIn
514,514,2019-05-15,Walk-in
515,515,2020-02-14,Walk-in
516,516,2021-03-07,Walk-in
517,517,2017-05-31,Agency
518,518,2016-01-29,LinkedIn
519,519,2019-09-19,LinkedIn
520,520,2019-12-25,Referral
521,521,2016-12-25,Agency
522,522,2023-12-05,LinkedIn
523,523,2023-10-12,LinkedIn
524,524,2021-02-02,Website
525,525,2020-06-12,Agency
526,526,2022-08-06,Referral
527,527,2017-04-30,LinkedIn
528,528,2023-08-26,Agency
529,529,2020-11-13,Walk-in
530,530,2022-08-31,Walk-in
531,531,2017-01-27,LinkedIn
532,532,2017-02-21,Website
533,533,2020-02-13,Website
534,534,2016-08-29,Referral
535,535,2022-10-31,Referral
536,536,2022-11-09,Agency
537,537,2017-09-18,Agency
538,538,2020-02-26,Walk-in
539,539,2017-06-20,LinkedIn
540,540,2018-05-08,Website
541,541,2017-12-23,Website
542,542,2021-07-22,Website
543,543,2022-01-04,Referral
544,544,2023-03-29,LinkedIn
545,545,2020-11-14,LinkedIn
546,546,2021-04-21,Agency
547,547,2019-03-16,Walk-in
548,548,2019-01-04,Website
549,549,2023-09-17,Referral
550,550,2023-09-27,Referral
551,551,2024-03-28,Website
552,552,2021-06-08,Website
553,553,2019-04-09,Website
554,554,2023-07-08,Referral
555,555,2016-03-13,Referral
556,556,2016-10-11,Referral
557,557,2022-10-11,LinkedIn
558,558,2018-12-29,Website
559,559,2023-01-06,LinkedIn
560,560,2015-08-13,Referral
561,561,2021-03-21,Agency
562,562,2018-09-18,Walk-in
563,563,2018-07-31,LinkedIn
564,564,2021-01-01,Website
565,565,2023-02-09,Agency
566,566,2016-10-24,Walk-in
567,567,2022-05-06,Referral
568,568,2022-01-05,Agency
569,569,2017-06-13,Website
570,570,2020-02-09,Walk-in
571,571,2021-10-24,Agency
572,572,2019-05-17,Walk-in
573,573,2023-01-01,Agency
574,574,2015-06-10,Website
575,575,2022-01-13,Agency
576,576,2021-04-26,Agency
577,577,2023-01-03,LinkedIn
578,578,2020-05-19,LinkedIn
579,579,2019-04-19,Walk-in
580,580,2021-04-19,Referral
581,581,2022-06-14,Referral
582,582,2020-08-16,Walk-in
583,583,2017-07-20,Agency
584,584,2022-09-10,Website
585,585,2019-07-11,Website
586,586,2017-02-20,Agency
587,587,2022-07-09,Website
588,588,2023-10-16,LinkedIn
589,589,2020-08-01,Agency
590,590,2022-09-25,LinkedIn
591,591,2021-01-24,Referral
592,592,2017-07-07,Walk-in
593,593,2023-01-31,Agency
594,594,2021-01-19,LinkedIn
595,595,2016-02-20,LinkedIn
596,596,2023-12-20,Agency
597,597,2015-05-23,Agency
598,598,2020-01-24,Referral
599,599,2022-10-24,LinkedIn
600,600,2019-09-02,Website
601,601,2016-07-07,LinkedIn
602,602,2018-01-26,Agency
603,603,2020-07-22,Walk-in
604,604,2023-01-22,Website
605,605,2021-07-08,Referral
606,606,2019-10-10,Walk-in
607,607,2021-12-18,LinkedIn
608,608,2019-06-11,LinkedIn
609,609,2015-07-08,Agency
610,610,2018-03-30,Walk-in
611,611,2022-04-10,Website
612,612,2020-07-16,LinkedIn
613,613,2016-12-14,Website
614,614,2018-09-30,Walk-in
615,615,2019-05-05,LinkedIn
616,616,2020-05-13,LinkedIn
617,617,2018-11-22,Agency
618,618,2020-06-15,LinkedIn
619,619,2022-09-19,Website
620,620,2023-01-07,LinkedIn
621,621,2021-04-20,Walk-in
622,622,2021-08-02,Referral
623,623,2016-10-06,Agency
624,624,2020-09-22,Agency
625,625,2021-08-13,Referral
626,626,2023-01-28,Agency
627,627,2022-07-16,Referral
628,628,2015-11-02,Website
629,629,2023-02-07,Agency
630,630,2021-06-06,Walk-in
631,631,2024-03-29,Website
632,632,2016-06-03,LinkedIn
633,633,2017-01-30,Website
634,634,2020-03-26,Agency
635,635,2019-08-06,Walk-in
636,636,2024-02-26,Agency
637,637,2019-12-10,Agency
638,638,2019-07-31,Agency
639,639,2017-04-25,Walk-in
640,640,2018-03-10,Walk-in
641,641,2020-06-21,Website
642,642,2020-06-17,LinkedIn
643,643,2020-12-17,Walk-in
644,644,2017-03-22,Walk-in
645,645,2018-02-25,Referral
646,646,2023-12-19,Walk-in
647,647,2021-02-01,LinkedIn
648,648,2020-08-04,Website
649,649,2021-02-24,LinkedIn
650,650,2021-09-05,Walk-in
651,651,2016-12-20,Referral
652,652,2015-12-06,Walk-in
653,653,2022-07-10,Referral
654,654,2019-05-28,Agency
655,655,2019-08-17,Referral
656,656,2022-12-13,Website
657,657,2023-09-20,LinkedIn
658,658,2020-02-24,LinkedIn
659,659,2017-02-20,Referral
660,660,2019-09-01,Walk-in
661,661,2018-07-08,Website
662,662,2020-06-09,LinkedIn
663,663,2022-08-14,Walk-in
664,664,2020-10-17,Agency
665,665,2015-12-13,Agency
666,666,2020-10-24,Referral
667,667,2024-03-31,Website
668,668,2020-01-26,LinkedIn
669,669,2023-06-02,Website
670,670,2016-01-21,Referral
671,671,2021-12-08,Walk-in
672,672,2015-06-28,Referral
673,673,2018-08-05,Walk-in
674,674,2020-10-08,Agency
675,675,2023-04-10,Walk-in
676,676,2019-05-04,Referral
677,677,2022-10-05,LinkedIn
678,678,2020-07-15,Walk-in
679,679,2023-09-21,Agency
680,680,2016-05-10,Agency
681,681,2024-01-05,LinkedIn
682,682,2022-06-09,LinkedIn
683,683,2017-08-25,Agency
684,684,2021-08-12,Website
685,685,2023-02-26,LinkedIn
686,686,2015-08-22,Referral
687,687,2019-08-05,Walk-in
688,688,2021-06-22,Website
689,689,2016-12-23,LinkedIn
690,690,2015-05-23,Walk-in
691,691,2020-06-03,Website
692,692,2019-12-28,Referral
693,693,2015-12-12,Agency
694,694,2024-03-04,Referral
695,695,2024-02-28,LinkedIn
696,696,2021-05-11,Referral
697,697,2023-06-13,Agency
698,698,2016-03-06,LinkedIn
699,699,2024-03-16,LinkedIn
700,700,2021-06-06,Walk-in
701,701,2018-01-13,Website
702,702,2018-09-05,Walk-in
703,703,2016-11-30,Referral
704,704,2018-09-15,Walk-in
705,705,2018-10-01,Walk-in
706,706,2020-07-08,LinkedIn
707,707,2019-06-26,Walk-in
708,708,2015-11-14,Website
709,709,2019-02-15,LinkedIn
710,710,2018-12-07,Agency
711,711,2019-08-06,Referral
712,712,2021-06-07,Website
713,713,2016-02-25,LinkedIn
714,714,2022-03-06,Walk-in
715,715,2019-06-18,Agency
716,716,2019-06-21,Agency
717,717,2019-02-04,Referral
718,718,2020-10-09,Agency
719,719,2021-06-05,LinkedIn
720,720,2022-07-02,Website
721,721,2016-12-10,LinkedIn
722,722,2016-10-09,Agency
723,723,2020-06-15,Referral
724,724,2021-12-24,Website
725,725,2019-05-18,Walk-in
726,726,2023-01-05,Agency
727,727,2021-07-27,Website
728,728,2021-09-12,Walk-in
729,729,2021-03-04,Referral
730,730,2015-06-13,Website
731,731,2017-01-05,Website
732,732,2023-08-07,Website
733,733,2023-11-02,Referral
734,734,2018-11-25,Referral
735,735,2020-03-06,Walk-in
736,736,2015-11-17,Referral
737,737,2022-04-11,Walk-in
738,738,2023-11-09,LinkedIn
739,739,2019-06-24,Website
740,740,2017-06-09,Referral
741,741,2018-07-09,LinkedIn
742,742,2021-08-02,Agency
743,743,2023-01-12,Walk-in
744,744,2021-12-11,Referral
745,745,2019-11-26,Website
746,746,2018-01-23,Website
747,747,2022-09-22,Website
748,748,2020-10-25,LinkedIn
749,749,2023-10-27,Agency
750,750,2021-05-15,LinkedIn
751,751,2017-03-09,Website
752,752,2016-09-01,Walk-in
753,753,2023-02-20,LinkedIn
754,754,2021-07-15,Agency
755,755,2016-10-24,Referral
756,756,2021-09-26,LinkedIn
757,757,2022-09-10,Agency
758,758,2020-12-31,Agency
759,759,2021-07-27,Website
760,760,2023-09-30,Agency
761,761,2023-03-05,LinkedIn
762,762,2020-05-30,Agency
763,763,2019-08-22,Agency
764,764,2018-02-02,Walk-in
765,765,2016-12-07,Referral
766,766,2022-08-09,LinkedIn
767,767,2015-05-17,Website
768,768,2022-10-30,LinkedIn
769,769,2016-11-22,Agency
770,770,2020-07-22,Agency
771,771,2023-08-04,Agency
772,772,2017-04-17,Walk-in
773,773,2019-10-01,Referral
774,774,2016-08-06,Website
775,775,2020-07-19,Agency
776,776,2023-12-07,Website
777,777,2015-11-13,Website
778,778,2017-02-24,Referral
779,779,2019-10-06,Walk-in
780,780,2022-07-24,LinkedIn
781,781,2022-12-13,Referral
782,782,2018-05-04,Agency
783,783,2020-06-03,Agency
784,784,2019-08-29,Walk-in
785,785,2018-07-16,Website
786,786,2022-10-28,Website
787,787,2018-10-04,LinkedIn
788,788,2023-03-26,Agency
789,789,2018-05-29,Agency
790,790,2023-10-09,LinkedIn
791,791,2023-08-30,Walk-in
792,792,2020-10-19,Agency
793,793,2020-01-27,Referral
794,794,2023-05-24,Website
795,795,2023-05-04,Agency
796,796,2019-03-10,LinkedIn
797,797,2020-01-12,Agency
798,798,2019-08-31,Walk-in
799,799,2022-10-05,Walk-in
800,800,2016-05-22,Walk-in
801,801,2023-07-22,LinkedIn
802,802,2018-10-15,Agency
803,803,2015-05-22,Walk-in
804,804,2020-05-31,Walk-in
805,805,2023-04-04,Referral
806,806,2022-04-02,Website
807,807,2017-05-19,LinkedIn
808,808,2018-11-26,Agency
809,809,2017-04-09,Website
810,810,2021-08-12,Referral
811,811,2020-09-09,Walk-in
812,812,2020-09-27,Walk-in
813,813,2021-11-08,LinkedIn
814,814,2018-02-05,Referral
815,815,2021-08-09,Walk-in
816,816,2021-01-02,Agency
817,817,2021-11-09,Walk-in
818,818,2020-08-11,Agency
819,819,2020-05-01,Website
820,820,2016-06-19,LinkedIn
821,821,2019-06-04,Walk-in
822,822,2015-07-29,Walk-in
823,823,2021-11-05,Walk-in
824,824,2018-05-13,Agency
825,825,2017-05-14,LinkedIn
826,826,2022-08-18,Referral
827,827,2020-12-11,Agency
828,828,2021-10-22,Referral
829,829,2022-05-30,Agency
830,830,2016-01-08,Agency
831,831,2021-04-04,Agency
832,832,2024-03-18,Referral
833,833,2019-12-25,Referral
834,834,2024-02-28,Website
835,835,2017-07-10,Referral
836,836,2015-07-31,Website
837,837,2022-05-01,LinkedIn
838,838,2024-02-01,Referral
839,839,2019-04-27,Website
840,840,2016-03-29,Website
841,841,2019-03-12,Walk-in
842,842,2018-06-13,Website
843,843,2021-06-27,Walk-in
844,844,2021-05-15,Walk-in
845,845,2020-08-06,Agency
846,846,2019-04-21,Referral
847,847,2017-07-15,Agency
848,848,2022-05-22,LinkedIn
849,849,2021-02-04,LinkedIn
850,850,2018-06-14,Website
851,851,2021-04-14,Website
852,852,2018-06-13,LinkedIn
853,853,2015-05-12,Referral
854,854,2023-12-13,LinkedIn
855,855,2022-10-09,Agency
856,856,2019-11-25,Website
857,857,2017-02-15,Agency
858,858,2023-05-21,Website
859,859,2018-03-29,Website
860,860,2017-05-26,LinkedIn
861,861,2022-06-08,Agency
862,862,2016-06-16,LinkedIn
863,863,2016-01-01,Website
864,864,2024-05-08,Walk-in
865,865,2016-04-13,Referral
866,866,2022-06-24,Agency
867,867,2024-05-09,LinkedIn
868,868,2024-03-06,LinkedIn
869,869,2019-11-29,Agency
870,870,2016-09-01,Agency
871,871,2015-10-22,Walk-in
872,872,2016-12-16,Walk-in
873,873,2017-03-20,Agency
874,874,2018-01-14,Agency
875,875,2016-09-03,Website
876,876,2024-05-04,LinkedIn
877,877,2015-11-30,LinkedIn
878,878,2022-03-17,LinkedIn
879,879,2023-11-20,Agency
880,880,2016-10-11,Walk-in
881,881,2019-02-01,Website
882,882,2019-04-26,Referral
883,883,2017-12-17,Referral
884,884,2018-10-05,Website
885,885,2021-06-06,Agency
886,886,2021-01-07,Website
887,887,2024-01-19,Walk-in
888,888,2019-04-20,Agency
889,889,2018-11-15,LinkedIn
890,890,2017-10-11,Referral
891,891,2020-07-14,Walk-in
892,892,2017-12-01,LinkedIn
893,893,2018-05-08,LinkedIn
894,894,2023-07-24,Walk-in
895,895,2017-09-16,LinkedIn
896,896,2017-11-12,Walk-in
897,897,2015-06-21,Referral
898,898,2023-12-31,Referral
899,899,2018-08-05,Walk-in
900,900,2021-10-24,Referral
901,901,2018-01-13,Agency
902,902,2020-11-27,Walk-in
903,903,2016-03-20,Walk-in
904,904,2018-07-28,Referral
905,905,2021-02-22,Referral
906,906,2022-06-20,Walk-in
907,907,2016-07-06,Website
908,908,2023-02-28,Website
909,909,2023-09-10,Walk-in
910,910,2018-08-12,LinkedIn
911,911,2019-07-21,LinkedIn
912,912,2020-09-23,Website
913,913,2022-07-16,Referral
914,914,2021-04-03,Website
915,915,2023-06-08,Agency
916,916,2018-02-14,LinkedIn
917,917,2021-09-18,Agency
918,918,2019-06-14,Website
919,919,2015-07-24,Website
920,920,2023-09-08,Agency
921,921,2021-02-05,Agency
922,922,2017-06-26,Referral
923,923,2017-01-21,Referral
924,924,2022-04-01,Referral
925,925,2018-11-06,Walk-in
926,926,2018-12-05,LinkedIn
927,927,2015-06-18,Walk-in
928,928,2019-09-09,Website
929,929,2018-10-07,Agency
930,930,2018-05-12,Agency
931,931,2024-04-20,Agency
932,932,2020-07-28,Referral
933,933,2023-11-14,Agency
934,934,2018-09-24,Referral
935,935,2024-02-17,Website
936,936,2023-10-06,Referral
937,937,2020-09-05,Walk-in
938,938,2018-04-06,LinkedIn
939,939,2016-10-16,LinkedIn
940,940,2024-04-08,Agency
941,941,2024-01-24,Walk-in
942,942,2017-11-08,Website
943,943,2024-04-06,Agency
944,944,2020-07-14,Walk-in
945,945,2020-06-09,Website
946,946,2022-06-12,Walk-in
947,947,2015-06-15,LinkedIn
948,948,2017-11-22,Referral
949,949,2015-08-21,Walk-in
950,950,2021-05-23,Referral
951,951,2023-10-06,Referral
952,952,2022-05-23,Walk-in
953,953,2024-02-09,LinkedIn
954,954,2015-12-17,LinkedIn
955,955,2021-12-24,LinkedIn
956,956,2015-08-09,Referral
957,957,2020-09-23,Website
958,958,2018-05-18,Website
959,959,2016-03-24,Walk-in
960,960,2019-04-24,Walk-in
961,961,2021-03-26,Agency
962,962,2024-01-04,Agency
963,963,2019-07-14,Agency
964,964,2015-08-27,Walk-in
965,965,2019-03-21,Walk-in
966,966,2016-09-18,Agency
967,967,2021-06-11,Referral
968,968,2016-08-04,Walk-in
969,969,2016-07-18,Agency
970,970,2021-08-13,Walk-in
971,971,2020-08-31,Website
972,972,2018-06-28,Website
973,973,2020-01-04,Agency
974,974,2019-03-16,LinkedIn
975,975,2021-02-03,LinkedIn
976,976,2019-03-03,Website
977,977,2018-05-25,Website
978,978,2019-11-28,LinkedIn
979,979,2022-04-07,LinkedIn
980,980,2023-02-01,LinkedIn
981,981,2018-09-19,Referral
982,982,2020-11-21,LinkedIn
983,983,2016-01-26,LinkedIn
984,984,2018-07-31,Referral
985,985,2022-12-21,Website
986,986,2015-12-21,Walk-in
987,987,2024-02-10,Referral
988,988,2019-09-30,LinkedIn
989,989,2020-12-04,Referral
990,990,2018-12-16,Website
991,991,2017-10-01,LinkedIn
992,992,2022-10-05,Website
993,993,2022-06-17,Agency
994,994,2018-11-18,Walk-in
995,995,2022-02-07,Walk-in
996,996,2018-05-16,Website
997,997,2024-01-19,Referral
998,998,2020-03-23,Referral
999,999,2020-03-19,Referral
1000,1000,2020-02-29,Referral
